Date,CustomerID,ProductID,Quantity,Price,Region,PaymentMethod
2024-09-06,C0136,P0008,1.0,,Nort,Debit Card
2024-06-28,C0186,P0030,8.0,940.87,West ,UPI
2024-03-26,C0031,P0001,7.0,1138.18, East,Cash
2024-08-10,C0061,P0017,,1334.45,NORTH,Cash
2024-12-05,C0047,P0009,14.0,1758.41,NORTH,Credit Card
2024-04-16,C0035,P0001,9.0,1392.01,south,Credit Card
2024-01-14,C0187,P0033,,226.44,East,Cash
2024-08-20,C0154,P0030,6.0,1667.2,Central,Debit Card
2024-01-22,C0051,P0012,6.0,496.34,central,Debit Card
2024-10-10,C0053,P0026,14.0,804.8, East,Debit Card
2024-05-26,C0182,P0034,4.0,1907.96,south,Cash
2024-06-20,C0008,P0023,6.0,186.37,South ,Cash
2024-10-03,C0069,P0007,12.0,1074.73,EAST,Debit Card
2024-04-17,C0020,P0024,6.0,585.35,West,Cash
2024-12-05,C0189,P0017,5.0,-265.32,north,Cash
2024-08-30,C0173,P0026,9.0,1093.95,West ,Debit Card
2024-08-29,C0019,P0023,13.0,612.94,Centrl,Credit Card
2024-11-21,C0015,P0029,7.0,678.32,West ,Cash
2024-07-12,C0192,P0029,7.0,423.98,SOUTH,Credit Card
2024-11-03,C0109,P0026,4.0,,North ,Net Banking
2024-01-28,C0136,P0010,4.0,1087.91,SOUTH,Credit Card
2024-02-05,C0001,P0016,5.0,805.81,Centrl,UPI
2024-04-29,C0193,P0030,1.0,503.48,north,Debit Card
2024-09-15,C0185,P0020,,1308.32, East,Credit Card
2024-03-03,C0027,P0031,9.0,434.45, East,Net Banking
2024-06-28,C0070,P0003,11.0,1691.84,NORTH,Debit Card
2024-11-19,C0119,P0029,14.0,525.13,central,Debit Card
2024-04-15,C0144,P0007,10.0,1278.91,Nort,Cash
2024-10-06,C0012,P0035,6.0,543.46,Centrl,UPI
2024-10-09,C0141,P0009,11.0,,NORTH,UPI
2024-07-26,C0167,P0002,7.0,1832.76,South ,UPI
2024-02-18,C0183,P0029,10.0,1377.9,east,Net Banking
2024-07-05,C0098,P0024,6.0,516.16,EAST,Debit Card
2024-12-25,C0052,P0006,5.0,628.9,south,Debit Card
2024-01-28,C0147,P0017,4.0,326.46,South,Net Banking
2024-06-09,C0138,P0001,5.0,,WEST,Net Banking
2024-02-13,C0025,P0030,10.0,1213.15,West,Credit Card
2024-11-25,C0151,P0028,,1218.77,south,Cash
2024-12-11,C0006,P0035,9.0,1957.87,Centrl,Cash
2024-09-08,C0051,P0001,9.0,94.64,north,UPI
2024-07-10,C0151,P0026,6.0,1185.19,EAST,Credit Card
2024-12-25,C0135,P0030,,,north,Debit Card
2024-09-02,C0179,P0029,6.0,1511.61,south,Cash
2024-04-09,C0094,P0011,1.0,1391.37,WEST,UPI
2024-07-08,C0001,P0026,12.0,1646.48,south,Net Banking
2024-07-06,C0151,P0035,10.0,,WEST,UPI
2024-02-10,C0009,P0036,8.0,1121.36,WEST,UPI
2024-09-27,C0192,P0018,10.0,294.21,North ,Cash
2024-04-13,C0112,P0014,13.0,1876.08,North ,Credit Card
2024-06-26,C0139,P0013,2.0,834.54,Nort,Debit Card
2024-08-05,C0056,P0023,12.0,1949.62,Nort,UPI
2024-06-22,C0133,P0039,2.0,1864.12,east,Net Banking
2024-12-05,C0037,P0035,13.0,403.57,West ,Debit Card
2024-05-29,C0003,P0007,5.0,70.33,North ,Net Banking
2024-05-05,C0047,P0010,13.0,1963.41,south,Credit Card
2024-10-19,C0070,P0013,1.0,1725.86,East,Net Banking
2024-07-03,C0040,P0015,11.0,-289.64,EAST,UPI
2024-01-22,C0152,P0022,,1928.53,east,Credit Card
2024-03-03,C0127,P0023,13.0,753.51, East,Cash
2024-06-29,C0195,P0033,12.0,568.74,west,Debit Card
2024-08-20,C0132,P0035,11.0,133.13,east,UPI
2024-06-24,C0121,P0012,3.0,1977.14,central,Cash
2024-08-18,C0191,P0001,7.0,1709.79,south,UPI
2024-12-17,C0133,P0018,8.0,1154.82,south,Net Banking
2024-12-07,C0107,P0007,,185.05,West ,Credit Card
2024-05-27,C0149,P0004,8.0,1887.65, East,Cash
2024-05-07,C0014,P0033,14.0,1462.81,EAST,UPI
2024-12-20,C0048,P0031,1.0,1335.12, East,Debit Card
2024-09-10,C0062,P0034,4.0,1100.46,Central,UPI
2024-11-15,C0099,P0025,13.0,1662.34,CENTRAL,UPI
2024-09-03,C0142,P0024,6.0,397.83,SOUTH,UPI
2024-06-20,C0019,P0018,6.0,409.94,central,Credit Card
2024-01-09,C0168,P0004,,189.0,south,Debit Card
2024-04-08,C0162,P0009,,669.19,West,Cash
2024-07-06,C0076,P0031,1.0,819.01, East,UPI
2024-11-05,C0038,P0034,10.0,462.92,SOUTH,Credit Card
2024-12-03,C0166,P0026,6.0,1150.66,central,Credit Card
2024-11-21,C0105,P0014,5.0,1043.96,East,Credit Card
2024-05-22,C0127,P0012,4.0,,central,Credit Card
2024-04-01,C0147,P0033,10.0,904.44,CENTRAL,Net Banking
2024-08-10,C0154,P0006,5.0,967.12, East,Cash
2024-09-23,C0145,P0019,13.0,1456.77,West,Credit Card
2024-05-31,C0126,P0038,4.0,805.96,west,Credit Card
2024-04-10,C0161,P0014,5.0,253.07, East,Net Banking
2024-07-05,C0161,P0038,13.0,1925.25,SOUTH,UPI
2024-09-12,C0147,P0026,14.0,1726.15,East,Credit Card
2024-12-15,C0025,P0034,1.0,,south,Credit Card
2024-11-08,C0036,P0037,14.0,1041.73,Central,Credit Card
2024-05-13,C0118,P0034,2.0,1282.43,central,Net Banking
2024-12-30,C0013,P0035,5.0,235.27,South ,Credit Card
2024-02-17,C0045,P0026,1.0,1655.19,Central,Credit Card
2024-10-30,C0118,P0035,1.0,1659.14,North ,Debit Card
2024-08-24,C0113,P0040,10.0,1359.28,CENTRAL,Net Banking
2024-10-03,C0179,P0036,12.0,195.53,East,Debit Card
2024-10-11,C0036,P0009,10.0,,north,Net Banking
2024-07-05,C0044,P0025,13.0,972.14,Centrl,Cash
2024-03-21,C0028,P0040,12.0,1744.36,South,UPI
2024-12-01,C0090,P0017,12.0,53.67,West,Credit Card
2024-02-29,C0017,P0018,13.0,1065.5,West ,Cash
2024-06-03,C0045,P0012,9.0,32858.38, East,Credit Card
2024-05-23,C0131,P0025,13.0,363.65,Centrl,Credit Card
2024-02-17,C0070,P0025,9.0,343.82,south,UPI
2024-10-12,C0047,P0006,3.0,913.3,West,Net Banking
2024-12-25,C0001,P0025,12.0,594.77,North,Net Banking
2024-08-12,C0117,P0028,13.0,,WEST,UPI
2024-03-29,C0112,P0039,9.0,,Central,Net Banking
2024-02-23,C0012,P0010,12.0,1036.91,South,Cash
2024-10-16,C0133,P0026,,1524.72,Centrl,Cash
2024-02-20,C0154,P0007,2.0,1053.58,NORTH,Credit Card
2024-07-08,C0001,P0026,12.0,1646.48,south,Net Banking
2024-01-02,C0113,P0003,8.0,1868.82,north,Net Banking
2024-10-06,C0001,P0018,8.0,1342.93,Nort,Credit Card
2024-08-18,C0167,P0037,1.0,1551.39,North ,Cash
2024-05-01,C0198,P0035,9.0,1102.13,Central,Credit Card
2024-02-28,C0096,P0014,13.0,-474.01,Centrl,Debit Card
2024-10-03,C0164,P0035,12.0,39889.99,Nort,Net Banking
2024-01-16,C0047,P0035,12.0,318.75,West ,Cash
2024-09-28,C0094,P0005,2.0,1528.46,north,UPI
2024-11-20,C0173,P0010,4.0,1529.42,West,Net Banking
2024-09-03,C0142,P0024,6.0,397.83,SOUTH,UPI
2024-06-18,C0152,P0030,3.0,526.09,North,Cash
2024-05-23,C0146,P0023,14.0,1860.22,SOUTH,Debit Card
2024-10-20,C0164,P0012,12.0,366.64,Central,Net Banking
2024-03-16,C0055,P0018,8.0,1760.42,Nort,Debit Card
2024-09-24,C0145,P0008,4.0,829.82,east,UPI
2024-09-21,C0177,P0015,11.0,262.76,CENTRAL,Debit Card
2024-04-12,C0095,P0040,2.0,222.68,East,Debit Card
2024-06-11,C0100,P0025,,,north,Credit Card
2024-05-07,C0181,P0007,14.0,824.5,east,Credit Card
2024-04-15,C0144,P0007,10.0,1278.91,Nort,Cash
2024-09-03,C0005,P0007,4.0,1548.77,East,Net Banking
2024-05-27,C0095,P0031,1.0,1170.45,West,Net Banking
2024-09-27,C0130,P0020,10.0,1190.11,WEST,UPI
2024-02-12,C0138,P0029,3.0,1224.18,South ,Cash
2024-02-04,C0009,P0014,11.0,1761.89,central,Credit Card
2024-04-23,C0090,P0003,2.0,,EAST,Net Banking
2024-02-08,C0023,P0033,2.0,1102.48,Centrl,Credit Card
2024-02-16,C0066,P0004,14.0,428.21,east,Cash
2024-04-21,C0190,P0011,6.0,1916.78,WEST,Net Banking
2024-12-16,C0151,P0029,7.0,1194.77,West ,Cash
2024-02-07,C0029,P0021,9.0,388.82,West ,Debit Card
2024-10-04,C0094,P0014,1.0,345.56,North ,Net Banking
2024-05-03,C0161,P0032,,725.33,South,Debit Card
2024-10-22,C0042,P0004,13.0,1905.38,West ,Debit Card
2024-07-26,C0003,P0022,10.0,1349.3,CENTRAL,Debit Card
2024-09-09,C0192,P0029,2.0,547.85,west,Credit Card
2024-07-21,C0033,P0008,9.0,1359.54,West ,Net Banking
2024-02-02,C0030,P0025,3.0,1255.2,East,Net Banking
2024-05-21,C0047,P0025,5.0,1578.49,North,Cash
2024-11-11,C0026,P0023,1.0,119.36,Centrl,Cash
2024-12-31,C0103,P0004,2.0,803.6,West,UPI
2024-02-10,C0083,P0011,6.0,1862.73,CENTRAL,Cash
2024-05-22,C0153,P0015,2.0,1628.58,Centrl,Debit Card
2024-05-31,C0196,P0031,11.0,1087.88,East,Credit Card
2024-06-18,C0047,P0007,13.0,452.06,East,Net Banking
2024-02-02,C0071,P0023,11.0,1954.61,South ,Cash
2024-09-25,C0111,P0039,7.0,1368.17,North,Net Banking
2024-02-06,C0095,P0005,,1232.42,West,Debit Card
2024-07-24,C0199,P0040,6.0,668.53,WEST,Cash
2024-06-18,C0115,P0023,6.0,1796.84,EAST,UPI
2024-12-09,C0170,P0012,14.0,1911.59,north,Net Banking
2024-08-20,C0136,P0029,9.0,500.12,East,UPI
2024-07-22,C0079,P0037,10.0,656.31,Central,UPI
2024-05-10,C0105,P0025,,1350.59,North ,UPI
2024-06-11,C0050,P0023,14.0,994.97,east,Debit Card
2024-06-06,C0144,P0011,9.0,1676.89,North ,Credit Card
2024-05-23,C0173,P0005,8.0,349.89,EAST,Cash
2024-07-08,C0181,P0033,13.0,,east,Net Banking
2024-12-10,C0099,P0011,13.0,1958.33,North,Net Banking
2024-02-23,C0119,P0031,3.0,974.96,Central,Cash
2024-06-08,C0164,P0030,3.0,1205.98,Central,UPI
2024-02-05,C0166,P0009,13.0,876.69,south,UPI
2024-05-14,C0052,P0034,8.0,567.51,South ,Cash
2024-03-15,C0057,P0017,1.0,287.97,south,Net Banking
2024-05-23,C0059,P0008,6.0,493.35,SOUTH,Credit Card
2024-12-30,C0138,P0031,9.0,1703.63,North ,UPI
2024-09-20,C0076,P0002,4.0,1807.68,SOUTH,Credit Card
2024-03-09,C0006,P0024,6.0,591.91, East,Net Banking
2024-12-25,C0052,P0006,5.0,628.9,south,Debit Card
2024-02-16,C0068,P0003,3.0,1122.68,East,Debit Card
2024-07-19,C0065,P0038,4.0,224.77,SOUTH,Net Banking
2024-12-03,C0122,P0005,13.0,262.39,CENTRAL,UPI
2024-12-14,C0195,P0022,12.0,1309.88, East,Cash
2024-06-06,C0111,P0029,14.0,1985.21,south,Credit Card
2024-04-08,C0110,P0018,12.0,1646.53,WEST,UPI
2024-04-01,C0056,P0015,12.0,853.66,CENTRAL,Net Banking
2024-06-08,C0030,P0028,,89.05,central,Net Banking
2024-09-15,C0129,P0016,2.0,595.42,North ,Credit Card
2024-08-05,C0126,P0008,13.0,1076.67,South,Debit Card
2024-06-20,C0010,P0033,8.0,283.67,West ,UPI
2024-11-22,C0141,P0029,6.0,1798.59,West,Net Banking
2024-04-08,C0104,P0040,14.0,176.0,east,Credit Card
2024-04-25,C0003,P0017,,1556.61,south,Credit Card
2024-07-10,C0190,P0030,5.0,1243.28,EAST,Debit Card
2024-10-11,C0130,P0003,5.0,678.11,East,UPI
2024-08-28,C0001,P0021,6.0,1135.44,north,UPI
2024-06-08,C0038,P0032,11.0,375.43, East,Cash
2024-10-06,C0011,P0008,14.0,1236.55,NORTH,Net Banking
2024-03-21,C0194,P0036,12.0,429.39,Centrl,Cash
2024-05-26,C0197,P0014,13.0,1583.24,North,Credit Card
2024-08-21,C0117,P0030,12.0,1355.73,EAST,Cash
2024-02-06,C0095,P0005,,1232.42,West,Debit Card
2024-04-22,C0191,P0028,9.0,1181.93,Nort,Debit Card
2024-05-07,C0005,P0009,13.0,,central,Debit Card
2024-04-25,C0133,P0032,1.0,1564.61,SOUTH,UPI
2024-08-05,C0134,P0006,12.0,1497.58,NORTH,Credit Card
2024-07-31,C0186,P0022,12.0,1701.98,South ,Net Banking
2024-02-27,C0151,P0015,4.0,558.39,south,Debit Card
2024-10-15,C0091,P0021,,382.8,NORTH,Debit Card
2024-11-18,C0021,P0002,4.0,815.17,West ,Debit Card
2024-06-28,C0038,P0008,4.0,982.6,central,Debit Card
2024-08-25,C0004,P0037,13.0,1332.24,Centrl,Credit Card
2024-04-13,C0073,P0037,3.0,928.71,West,Credit Card
2024-02-27,C0149,P0025,7.0,1627.32,north,Credit Card
2024-10-30,C0126,P0028,7.0,534.73,East,Debit Card
2024-12-11,C0100,P0033,13.0,1318.5,Centrl,Cash
2024-09-29,C0155,P0019,11.0,1784.31,WEST,Cash
2024-12-13,C0143,P0029,12.0,80.85,Central,Net Banking
2024-04-22,C0192,P0014,12.0,920.39,Centrl,Net Banking
2024-01-04,C0140,P0020,8.0,473.56,South,UPI
2024-12-17,C0105,P0001,11.0,1816.49,North,UPI
2024-01-12,C0013,P0025,5.0,1291.16,Centrl,Credit Card
2024-01-04,C0115,P0001,4.0,866.23,WEST,Net Banking
2024-09-16,C0117,P0008,9.0,1239.17,WEST,UPI
2024-07-07,C0075,P0001,3.0,1499.68,South ,Credit Card
2024-07-04,C0187,P0023,,1575.85,Nort,UPI
2024-11-20,C0085,P0037,12.0,1038.33,Centrl,Cash
2024-04-06,C0006,P0017,4.0,394.93,east,Debit Card
2024-08-12,C0197,P0010,3.0,636.66,East,Credit Card
2024-12-11,C0006,P0021,11.0,365.44,west,Net Banking
2024-04-08,C0093,P0020,9.0,298.04,Centrl,Net Banking
2024-05-08,C0137,P0002,7.0,1326.65, East,Debit Card
2024-08-16,C0180,P0034,14.0,1508.97,Nort,Net Banking
2024-06-19,C0056,P0021,14.0,1544.98,south,UPI
2024-05-10,C0058,P0005,5.0,,west,Credit Card
2024-10-10,C0164,P0027,14.0,163.99,west,Credit Card
2024-10-09,C0074,P0040,8.0,839.36,West,Credit Card
2024-06-15,C0084,P0040,12.0,670.32,east,Debit Card
2024-10-06,C0163,P0033,11.0,1076.92,north,Cash
2024-12-29,C0183,P0014,8.0,1841.42,Central,Cash
2024-12-14,C0095,P0030,8.0,232.83,Centrl,Credit Card
2024-10-31,C0018,P0009,2.0,1921.66,Centrl,Cash
2024-07-14,C0025,P0031,2.0,266.08, East,UPI
2024-01-02,C0141,P0001,8.0,1521.93,west,Net Banking
2024-02-02,C0077,P0009,2.0,1044.71,WEST,Debit Card
2024-02-04,C0111,P0036,4.0,1591.16,Central,Cash
2024-08-18,C0159,P0022,8.0,715.13,North ,Cash
2024-09-26,C0053,P0036,14.0,,NORTH,Debit Card
2024-05-07,C0079,P0037,13.0,1398.66,Central,Cash
2024-06-11,C0005,P0026,12.0,374.35,SOUTH,Net Banking
2024-10-30,C0032,P0023,9.0,1171.57,CENTRAL,Net Banking
2024-11-13,C0064,P0013,12.0,402.16, East,Credit Card
2024-05-05,C0021,P0010,1.0,1932.0,West ,Debit Card
2024-05-29,C0114,P0014,10.0,308.79, East,Cash
2024-07-09,C0061,P0017,10.0,1320.84,west,Cash
2024-12-20,C0138,P0037,10.0,807.87,NORTH,Net Banking
2024-06-05,C0074,P0024,2.0,20930.9,south,Debit Card
2024-09-08,C0146,P0013,9.0,979.56,West ,UPI
2024-04-22,C0157,P0004,5.0,1288.17,West ,Cash
2024-05-18,C0122,P0036,2.0,984.41,West ,Debit Card
2024-12-14,C0099,P0032,5.0,1659.31,Central,UPI
2024-06-01,C0075,P0009,6.0,1224.98,EAST,UPI
2024-07-17,C0102,P0007,5.0,812.53,South,Net Banking
2024-10-10,C0173,P0038,7.0,658.93,east,Debit Card
2024-07-25,C0126,P0029,3.0,1054.59,central,Debit Card
2024-09-03,C0107,P0019,13.0,124.14,North,Cash
2024-06-02,C0137,P0037,4.0,895.91,north,Cash
2024-09-14,C0157,P0009,6.0,,Nort,UPI
2024-09-02,C0047,P0010,10.0,256.1,NORTH,Net Banking
2024-09-20,C0180,P0018,4.0,1887.52,West ,Credit Card
2024-04-26,C0026,P0030,6.0,1137.74,east,UPI
2024-01-10,C0026,P0020,9.0,71.51,central,Debit Card
2024-11-16,C0099,P0025,8.0,1942.96,East,Cash
2024-06-08,C0072,P0037,14.0,321.44,West,Credit Card
2024-07-08,C0037,P0037,8.0,,SOUTH,Credit Card
2024-07-16,C0074,P0028,9.0,832.32,Nort,Cash
2024-06-13,C0102,P0001,11.0,1253.45,East,UPI
2024-05-09,C0046,P0008,11.0,382.43,West,UPI
2024-03-05,C0007,P0008,13.0,1653.67,North,UPI
2024-04-03,C0075,P0012,,1765.64,EAST,UPI
2024-01-17,C0080,P0021,6.0,419.9,east,Cash
2024-08-01,C0108,P0033,6.0,,NORTH,Net Banking
2024-10-25,C0026,P0017,12.0,,South,Credit Card
2024-09-08,C0109,P0027,14.0,1025.87,WEST,Credit Card
2024-02-19,C0128,P0039,7.0,782.56,west,Net Banking
2024-12-25,C0165,P0021,6.0,1364.89,central,UPI
2024-04-10,C0091,P0036,11.0,877.83,North ,Net Banking
2024-06-27,C0003,P0004,9.0,1460.64,South ,UPI
2024-04-25,C0178,P0035,3.0,524.78,EAST,Credit Card
2024-10-25,C0026,P0017,12.0,,South,Credit Card
2024-08-07,C0152,P0015,3.0,1768.83,CENTRAL,Cash
2024-10-01,C0042,P0033,5.0,1110.83,north,UPI
2024-08-24,C0004,P0020,12.0,856.16,Centrl,Debit Card
2024-11-09,C0101,P0040,13.0,507.39,WEST,Credit Card
2024-11-18,C0070,P0040,3.0,199.01,west,Debit Card
2024-12-19,C0014,P0026,12.0,1121.75,Nort,Debit Card
2024-06-18,C0152,P0030,3.0,526.09,North,Cash
2024-05-10,C0090,P0004,2.0,219.73,South,UPI
2024-04-27,C0198,P0030,11.0,1002.37,North,Cash
2024-02-15,C0008,P0036,12.0,1277.13,South ,UPI
2024-08-20,C0144,P0020,4.0,566.55,North ,Cash
2024-12-22,C0194,P0007,,1703.69,west,Credit Card
2024-09-24,C0134,P0037,,489.61,North,UPI
2024-07-02,C0118,P0001,14.0,231.21,East,UPI
2024-10-14,C0078,P0032,4.0,183.99,NORTH,Net Banking
2024-10-27,C0145,P0029,8.0,1066.41, East,Debit Card
2024-08-05,C0140,P0033,10.0,1119.57,WEST,UPI
2024-02-20,C0113,P0019,2.0,1601.25, East,Debit Card
2024-07-26,C0098,P0037,10.0,,WEST,Debit Card
2024-02-14,C0149,P0018,11.0,1294.02,EAST,Net Banking
2024-03-28,C0115,P0038,12.0,545.74,South,Net Banking
2024-08-09,C0190,P0023,10.0,1477.32,North ,Net Banking
2024-12-07,C0109,P0016,8.0,211.1,East,Debit Card
2024-09-13,C0019,P0005,2.0,1640.71,CENTRAL,UPI
2024-08-13,C0084,P0012,2.0,740.76,South,Credit Card
2024-10-30,C0191,P0038,1.0,1576.26,West,Cash
2024-08-02,C0090,P0015,2.0,1947.54,North,Net Banking
2024-01-05,C0126,P0017,3.0,355.44,West ,Cash
2024-04-30,C0118,P0007,5.0,1815.77,north,Net Banking
2024-08-27,C0086,P0028,9.0,279.42,central,UPI
2024-12-08,C0082,P0003,4.0,1652.52,Central,Net Banking
2024-01-05,C0039,P0037,14.0,778.34,West ,UPI
2024-04-05,C0092,P0036,11.0,639.02,South ,Cash
2024-09-08,C0055,P0037,8.0,1753.01,North ,Credit Card
2024-04-12,C0093,P0009,11.0,83.89,Central,Cash
2024-06-09,C0030,P0006,2.0,629.84,WEST,Cash
2024-06-06,C0133,P0022,6.0,480.57,west,Debit Card
2024-05-30,C0085,P0036,9.0,325.49,South,Debit Card
2024-09-20,C0039,P0039,10.0,997.73,WEST,Cash
2024-02-08,C0113,P0024,,1249.21,EAST,Net Banking
2024-05-01,C0154,P0011,11.0,680.1,West ,UPI
2024-03-26,C0160,P0011,7.0,397.97,West,Credit Card
2024-08-23,C0177,P0008,8.0,1340.18,EAST,Cash
2024-05-19,C0092,P0020,,,EAST,UPI
2024-02-20,C0184,P0006,2.0,1462.42,North,Credit Card
2024-02-23,C0111,P0003,13.0,690.34,Nort,Debit Card
2024-10-24,C0078,P0029,1.0,463.37, East,Cash
2024-10-07,C0170,P0040,13.0,249.19,West ,Credit Card
2024-11-22,C0058,P0035,,1745.06,EAST,UPI
2024-03-29,C0086,P0032,11.0,1987.01,East,Credit Card
2024-08-07,C0035,P0029,14.0,848.48,South ,Credit Card
2024-04-21,C0142,P0025,,50.65,East,Net Banking
2024-12-14,C0046,P0002,12.0,251.45,Central,Debit Card
2024-10-28,C0096,P0005,7.0,1023.7,North,Cash
2024-01-09,C0039,P0038,,1801.61,South ,Debit Card
2024-09-10,C0034,P0012,1.0,984.74,South ,UPI
2024-12-07,C0034,P0030,6.0,1016.13,East,Credit Card
2024-05-06,C0078,P0034,8.0,927.74,WEST,UPI
2024-12-10,C0174,P0005,3.0,890.18,Central,Net Banking
2024-06-16,C0005,P0003,1.0,998.87,Nort,Net Banking
2024-11-02,C0030,P0018,6.0,1175.51,EAST,Cash
2024-01-18,C0092,P0009,8.0,309.63,central,Net Banking
2024-03-02,C0132,P0012,12.0,1068.84,NORTH,Net Banking
2024-11-24,C0062,P0039,8.0,1229.66,Central,UPI
2024-03-02,C0080,P0027,4.0,,North,Cash
2024-04-15,C0034,P0004,12.0,74.79,WEST,Debit Card
2024-08-03,C0036,P0026,6.0,290.28,east,Cash
2024-04-08,C0066,P0039,10.0,30125.02,east,Net Banking
2024-08-02,C0039,P0037,2.0,,south,Cash
2024-04-01,C0169,P0016,6.0,1290.34,Nort,Credit Card
2024-01-02,C0083,P0006,11.0,1315.7,east,Cash
2024-02-06,C0184,P0034,2.0,774.25,east,Debit Card
2024-02-27,C0101,P0002,13.0,481.07,Central,Cash
2024-04-29,C0113,P0013,7.0,1764.57,West,UPI
2024-07-16,C0063,P0033,4.0,173.06,central,Credit Card
2024-06-17,C0082,P0011,2.0,1258.02,north,Cash
2024-11-02,C0156,P0013,10.0,1672.13,Nort,Cash
2024-11-01,C0061,P0021,7.0,1614.15,EAST,Credit Card
2024-10-21,C0041,P0001,8.0,1991.19,west,UPI
2024-05-30,C0177,P0038,5.0,803.38,NORTH,Cash
2024-01-20,C0113,P0008,13.0,1983.6,CENTRAL,UPI
2024-12-25,C0189,P0025,1.0,625.79,west,Credit Card
2024-02-13,C0172,P0009,6.0,94.72,east,UPI
2024-08-09,C0185,P0025,8.0,,central,Net Banking
2024-06-24,C0106,P0038,11.0,1284.72,NORTH,UPI
2024-03-05,C0010,P0011,13.0,152.97,CENTRAL,Net Banking
2024-10-14,C0046,P0037,3.0,1659.01,NORTH,Net Banking
2024-03-06,C0061,P0002,13.0,498.98,south,UPI
2024-02-22,C0133,P0010,14.0,340.53,west,Net Banking
2024-09-11,C0146,P0024,,1586.41,WEST,Debit Card
2024-01-26,C0063,P0008,6.0,1505.1,West,Net Banking
2024-02-29,C0193,P0002,3.0,1167.43,West ,Debit Card
2024-06-20,C0095,P0011,10.0,1256.95,West,UPI
2024-01-01,C0121,P0039,4.0,1469.5,North,Cash
2024-09-27,C0057,P0033,4.0,1303.02,West,Credit Card
2024-03-09,C0062,P0003,5.0,256.56,Nort,Net Banking
2024-04-12,C0044,P0014,13.0,135.28,Centrl,UPI
2024-08-04,C0075,P0038,1.0,529.84,CENTRAL,Debit Card
2024-05-07,C0079,P0037,13.0,1398.66,Central,Cash
2024-05-16,C0016,P0040,5.0,765.56,South ,Credit Card
2024-10-15,C0029,P0027,14.0,1253.84,South,UPI
2024-02-27,C0109,P0032,7.0,575.2,central,Debit Card
2024-11-11,C0141,P0038,11.0,1517.23,south,Cash
2024-11-06,C0067,P0040,8.0,369.18,North ,Cash
2024-07-07,C0090,P0009,9.0,985.8,west,Cash
2024-11-04,C0075,P0011,2.0,-388.11,east,UPI
2024-07-19,C0177,P0035,12.0,792.77,West,UPI
2024-10-16,C0181,P0029,7.0,1386.33,east,Credit Card
2024-06-24,C0121,P0012,3.0,1977.14,central,Cash
2024-05-06,C0184,P0018,14.0,674.12,West ,Debit Card
2024-09-17,C0165,P0005,5.0,1070.02,West,Cash
2024-01-15,C0058,P0014,4.0,1207.4,Central,Credit Card
2024-04-05,C0150,P0016,6.0,229.15,west,Cash
2024-10-20,C0177,P0023,1.0,1736.14, East,Debit Card
2024-05-09,C0153,P0019,12.0,976.03,east,Credit Card
2024-11-10,C0092,P0032,,578.74, East,Cash
2024-09-06,C0118,P0005,5.0,1029.0,Centrl,Debit Card
2024-10-12,C0034,P0010,14.0,989.19,North ,Net Banking
2024-04-22,C0145,P0017,9.0,1208.87, East,Net Banking
2024-02-18,C0036,P0037,14.0,779.88,South,UPI
2024-11-26,C0049,P0024,1.0,,West,Debit Card
2024-12-24,C0012,P0022,3.0,1211.71,west,Debit Card
2024-05-15,C0178,P0027,10.0,791.15,South,Net Banking
2024-02-21,C0028,P0019,12.0,,west,Debit Card
2024-02-23,C0134,P0039,2.0,874.24,East,Cash
2024-12-11,C0148,P0040,13.0,1597.8,south,Net Banking
2024-10-30,C0118,P0035,1.0,1659.14,North ,Debit Card
2024-10-15,C0179,P0013,5.0,,CENTRAL,Cash
2024-09-24,C0101,P0018,11.0,757.74,north,Credit Card
2024-02-08,C0056,P0016,3.0,914.38,North ,UPI
2024-02-13,C0185,P0025,11.0,1214.24,West,UPI
2024-05-26,C0008,P0022,14.0,1359.34,east,Cash
2024-02-11,C0200,P0022,12.0,1310.88,West,Cash
2024-09-10,C0151,P0040,1.0,591.62,Central,Credit Card
2024-01-06,C0132,P0039,10.0,437.77,North ,UPI
2024-06-01,C0014,P0017,1.0,1802.86,SOUTH,Credit Card
2024-02-22,C0185,P0035,6.0,1844.58,west,Credit Card
2024-12-24,C0173,P0031,4.0,55.04,NORTH,Net Banking
2024-08-31,C0023,P0004,13.0,1884.71,North,Debit Card
2024-02-22,C0194,P0034,5.0,795.93,Nort,UPI
2024-05-14,C0017,P0040,8.0,729.72,central,Cash
2024-02-22,C0140,P0025,9.0,1542.12,WEST,Net Banking
2024-09-10,C0062,P0034,4.0,1100.46,Central,UPI
2024-03-08,C0079,P0018,10.0,889.16,West ,Cash
2024-06-27,C0003,P0004,9.0,1460.64,South ,UPI
2024-07-13,C0166,P0017,11.0,396.64,NORTH,Net Banking
2024-06-23,C0012,P0005,8.0,270.56,South,Net Banking
2024-09-20,C0145,P0027,12.0,1594.58,East,Cash
2024-07-08,C0115,P0021,4.0,1953.18,West ,Cash
2024-08-25,C0081,P0023,9.0,503.66,CENTRAL,Cash
2024-05-31,C0050,P0017,2.0,982.56,WEST,Net Banking
2024-08-14,C0167,P0012,8.0,1839.62,North ,Net Banking
2024-02-21,C0131,P0026,3.0,548.51,south,Credit Card
2024-05-14,C0109,P0040,4.0,1182.82,Central,Credit Card
2024-11-12,C0194,P0021,11.0,1929.45,east,Credit Card
2024-08-07,C0118,P0040,3.0,680.83,NORTH,Credit Card
2024-08-02,C0130,P0010,12.0,877.38,WEST,Cash
2024-04-09,C0044,P0034,12.0,1372.84,South ,Cash
2024-08-18,C0166,P0020,13.0,1356.69,North ,Debit Card
2024-09-13,C0020,P0009,1.0,1304.56,South ,Cash
2024-04-09,C0105,P0035,6.0,1067.37,west,UPI
2024-05-26,C0182,P0034,4.0,1907.96,south,Cash
2024-09-30,C0112,P0014,1.0,1739.56,SOUTH,UPI
2024-10-05,C0187,P0013,13.0,155.02,Centrl,Cash
2024-03-21,C0145,P0030,1.0,223.1,south,Cash
2024-12-06,C0118,P0039,14.0,1639.48,west,Credit Card
2024-04-08,C0159,P0040,10.0,1609.57,NORTH,Net Banking
2024-07-10,C0021,P0035,13.0,417.28,north,Debit Card
2024-11-09,C0111,P0014,,548.06,east,Net Banking
2024-11-14,C0083,P0018,5.0,553.94,South,Credit Card
2024-08-24,C0142,P0010,2.0,1636.84,north,UPI
2024-09-11,C0195,P0028,12.0,268.99,North,Debit Card
2024-11-20,C0113,P0035,1.0,1571.78,South ,Debit Card
2024-06-21,C0008,P0006,10.0,29820.58,west,Debit Card
2024-02-18,C0183,P0029,10.0,1377.9,east,Net Banking
2024-04-07,C0026,P0003,4.0,360.64,Centrl,Debit Card
2024-09-30,C0112,P0014,1.0,1739.56,SOUTH,UPI
2024-08-14,C0085,P0002,,1710.32,WEST,Net Banking
2024-02-04,C0182,P0040,10.0,411.2,central,Debit Card
2024-09-27,C0190,P0021,3.0,1735.99,CENTRAL,Net Banking
2024-05-10,C0123,P0024,8.0,287.44,east,Debit Card
2024-03-12,C0081,P0037,8.0,824.89,central,Credit Card
2024-04-10,C0028,P0030,3.0,272.22,EAST,Net Banking
2024-12-09,C0120,P0034,5.0,1479.15,WEST,Credit Card
2024-07-16,C0109,P0032,3.0,1487.5,West ,Net Banking
2024-01-13,C0081,P0017,12.0,255.47,SOUTH,Net Banking
2024-11-05,C0069,P0015,,1148.71,North ,UPI
2024-09-18,C0145,P0024,8.0,1217.14,west,Net Banking
2024-02-23,C0022,P0001,5.0,1888.52,NORTH,UPI
2024-01-29,C0161,P0009,2.0,48718.57,North ,Cash
2024-05-02,C0065,P0003,14.0,551.24,Nort,UPI
2024-11-03,C0003,P0010,2.0,1027.25,Central,Cash
2024-05-26,C0068,P0005,12.0,293.19,North,Credit Card
2024-01-13,C0117,P0010,4.0,348.32,SOUTH,Net Banking
2024-05-23,C0059,P0008,6.0,493.35,SOUTH,Credit Card
2024-01-27,C0017,P0034,8.0,1325.45,central,Credit Card
2024-08-26,C0033,P0029,2.0,260.49,Nort,Cash
2024-12-31,C0103,P0004,2.0,803.6,West,UPI
2024-04-06,C0027,P0034,9.0,716.27,west,UPI
2024-11-26,C0162,P0024,8.0,1181.22,North,Debit Card
2024-06-09,C0054,P0023,2.0,205.93,EAST,UPI
2024-06-10,C0180,P0039,11.0,1114.09,north,Credit Card
2024-05-08,C0083,P0019,11.0,1088.34,North ,Debit Card
2024-01-15,C0186,P0015,12.0,1445.21,south,UPI
2024-05-03,C0111,P0015,,1017.29,central,Net Banking
2024-06-09,C0051,P0009,7.0,1247.46,West ,Net Banking
2024-04-17,C0086,P0039,12.0,1252.17,WEST,Net Banking
2024-06-18,C0094,P0024,13.0,143.27,CENTRAL,UPI
2024-05-04,C0007,P0022,10.0,1351.33,WEST,Net Banking
2024-04-05,C0090,P0029,1.0,1376.26,East,Credit Card
2024-09-19,C0001,P0002,6.0,678.93,WEST,UPI
2024-05-22,C0153,P0015,2.0,1628.58,Centrl,Debit Card
2024-10-06,C0025,P0024,6.0,568.41,south,Cash
2024-07-20,C0123,P0027,5.0,916.62,West,Net Banking
2024-04-22,C0060,P0016,12.0,421.13,SOUTH,Credit Card
2024-01-23,C0079,P0004,12.0,-409.32,central,Net Banking
2024-04-04,C0155,P0036,13.0,341.01,WEST,UPI
2024-06-27,C0061,P0011,7.0,390.81,South,Net Banking
2024-04-05,C0019,P0023,,801.48,west,Net Banking
2024-12-11,C0004,P0020,11.0,486.05,south,Net Banking
2024-02-24,C0013,P0026,11.0,1221.19, East,Cash
2024-09-03,C0152,P0004,12.0,,North ,Credit Card
2024-04-10,C0155,P0002,14.0,700.46,central,UPI
2024-08-17,C0132,P0027,7.0,1328.66,West ,Debit Card
2024-12-14,C0179,P0022,7.0,761.36,North,Net Banking
2024-05-31,C0122,P0019,2.0,1298.33, East,Debit Card
2024-11-23,C0086,P0006,2.0,1449.39,Centrl,Net Banking
2024-11-13,C0200,P0007,3.0,719.94,west,UPI
2024-06-08,C0134,P0026,1.0,508.71,South ,Credit Card
2024-05-26,C0043,P0002,11.0,310.92,SOUTH,Credit Card
2024-01-21,C0113,P0008,3.0,-361.15,East,Credit Card
2024-05-08,C0059,P0032,8.0,1518.72,north,Cash
2024-01-21,C0008,P0017,5.0,1387.64,East,UPI
2024-12-03,C0053,P0023,14.0,1274.5,West,Cash
2024-10-30,C0144,P0038,2.0,378.47,CENTRAL,Cash
2024-11-18,C0178,P0034,10.0,1420.74,South ,UPI
2024-11-17,C0028,P0026,14.0,1669.54,Central,Net Banking
2024-05-24,C0168,P0025,2.0,668.0,east,Debit Card
2024-07-09,C0099,P0029,7.0,791.82,west,UPI
2024-12-05,C0146,P0007,11.0,1367.89,central,UPI
2024-05-06,C0078,P0034,8.0,927.74,WEST,UPI
2024-07-06,C0160,P0019,,1736.09,north,UPI
2024-03-03,C0056,P0026,,494.29,CENTRAL,Credit Card
2024-08-12,C0152,P0032,1.0,912.7,West,Debit Card
2024-09-09,C0122,P0034,3.0,1630.84,North,UPI
2024-08-11,C0115,P0032,7.0,52.41,East,Credit Card
2024-09-14,C0064,P0003,12.0,106.69,CENTRAL,Debit Card
2024-01-04,C0115,P0001,4.0,866.23,WEST,Net Banking
2024-11-13,C0178,P0040,2.0,152.06,West,UPI
2024-10-09,C0054,P0021,5.0,707.59,South ,Cash
